,first,second,third,fourth
first,1.0,0.0190981829393119,-0.09745786598497104,-0.004184286716958782
second,0.0190981829393119,1.0,0.03461141221651133,0.022584981040613183
third,-0.09745786598497104,0.03461141221651133,1.0,-0.04887275491075913
fourth,-0.004184286716958782,0.022584981040613183,-0.04887275491075913,1.0
