{"rmse_l2": [1.92191794741704e-06, 1.8400632116954342e-07, 1.5809600254423762e-08, 1.3270431356142817e-09, 1.4199310659990882e-10, 6.026451145083309e-11, 5.751056547484299e-10, 5.748199667135788e-09, 5.7480227226818124e-08, 5.746821527552002e-07, 5.735161532545302e-06, 5.655189146967908e-05], "l2": [0.001, 0.01, 0.1, 1.0, 10.0, 100.0, 1000.0, 10000.0, 100000.0, 1000000.0, 10000000.0, 100000000.0], "rmse_ncomp": [0.05849663240531353, 0.009711285625876358, 0.003111443660156173, 1.3270431356142817e-09], "n_comp": [1, 2, 3, 4], "data_set_name": "synthetic", "fluorophore_name": "fourth"}