{"rmse_l2": [0.03393180457383227, 0.033930625963674674, 0.03393076461286616, 0.03393075717334042, 0.03393080432314786, 0.03393130333312418, 0.033936526799630086, 0.0340124639783016, 1.0709625169594699, 0.04224807742147884, 555.9469352706346, 28.828363662134183], "l2": [0.001, 0.01, 0.1, 1.0, 10.0, 100.0, 1000.0, 10000.0, 100000.0, 1000000.0, 10000000.0, 100000000.0], "rmse_ncomp": [0.19457843994744628, 0.14317434378309193, 0.09846185618350581, 0.07321119194673639, 0.040908520976152496, 0.03721572271479514, 0.033930625963674674], "n_comp": [1, 2, 3, 4, 5, 6, 7], "data_set_name": "asmund", "fluorophore_name": "indole"}