{"rmse_l2": [0.03630819307897857, 0.03630811489514746, 0.03630819751062397, 0.03630807424822581, 0.036307054169763965, 0.036296855677772785, 0.03619511173779154, 0.03520072020450089, 0.03205404704795326, 37.85657128148767, 112.27577778257624, 4831699.15623451], "l2": [0.001, 0.01, 0.1, 1.0, 10.0, 100.0, 1000.0, 10000.0, 100000.0, 1000000.0, 10000000.0, 100000000.0], "rmse_ncomp": [0.38432506275066375, 0.3683428409942489, 0.3409212920860785, 0.1257014087968019, 0.03205404704795326], "n_comp": [1, 2, 3, 4, 5], "data_set_name": "dorrit", "fluorophore_name": "tryptophane"}