{"rmse_l2": [0.1456198182527947, 0.14562036151672406, 0.1456258346245502, 0.14568478296878298, 0.14696125180260494, 0.24862726647872363, 16.202207554759184, 0.2979350578728303, 0.2893541626607622, 0.2885257517022987, 0.2884433927954794, 0.288435161720415], "l2": [0.001, 0.01, 0.1, 1.0, 10.0, 100.0, 1000.0, 10000.0, 100000.0, 1000000.0, 10000000.0, 100000000.0], "rmse_ncomp": [0.23153468897940221, 0.1477924781613048, 0.1456198182527947], "n_comp": [1, 2, 3], "data_set_name": "marat", "fluorophore_name": "tyrosine"}