{"rmse_l2": [0.020727698211953565, 0.020729098488111476, 0.02072895320799134, 0.020728949354636494, 0.02072901957432441, 0.020729738583112053, 0.02073763878702266, 0.020904814564589886, 5.756610911514662, 0.04161031412257036, 57.47995275041366, 14.94796982372377], "l2": [0.001, 0.01, 0.1, 1.0, 10.0, 100.0, 1000.0, 10000.0, 100000.0, 1000000.0, 10000000.0, 100000000.0], "rmse_ncomp": [0.24033818239198632, 0.20664554575704325, 0.1333495738610508, 0.08577499181650701, 0.03062528349058607, 0.025394214537156658, 0.020727698211953565], "n_comp": [1, 2, 3, 4, 5, 6, 7], "data_set_name": "asmund", "fluorophore_name": "tryptophane"}