{"rmse_l2": [0.12050201616708033, 0.12050086383914851, 0.12048925066231493, 0.12036355197625682, 0.11749993527255909, 3.4601357860121777, 8.200697539552099, 0.24207795749412023, 0.22875366808209383, 0.2279401987331077, 0.2278621885587472, 0.22785441969798217], "l2": [0.001, 0.01, 0.1, 1.0, 10.0, 100.0, 1000.0, 10000.0, 100000.0, 1000000.0, 10000000.0, 100000000.0], "rmse_ncomp": [0.20590011961065027, 0.15161834440461902, 0.11749993527255909], "n_comp": [1, 2, 3], "data_set_name": "marat", "fluorophore_name": "humic"}