{"rmse_l2": [0.03550637821413496, 0.03551098736473262, 0.03551089563195954, 0.03551092011031404, 0.035511006770608804, 0.03551184271608396, 0.03552056772085957, 0.03564202884661919, 0.20201709930926257, 0.2073550319999932, 2177.0747506418866, 269.36920429543403], "l2": [0.001, 0.01, 0.1, 1.0, 10.0, 100.0, 1000.0, 10000.0, 100000.0, 1000000.0, 10000000.0, 100000000.0], "rmse_ncomp": [0.2983245692351863, 0.21600141426891628, 0.15436528557943224, 0.1373966019490846, 0.12077287416221161, 0.04790833930264592, 0.03550637821413496], "n_comp": [1, 2, 3, 4, 5, 6, 7], "data_set_name": "asmund", "fluorophore_name": "catechol"}