{"rmse_l2": [3.750763226779313e-06, 3.689406523067562e-07, 3.515917987064432e-08, 3.332745498822334e-09, 3.2243700631127025e-10, 1.334432956140891e-10, 1.3581519152044032e-09, 1.357986764470182e-08, 1.3578631997480913e-07, 1.3566032040277247e-06, 1.3441171623167604e-05, 0.0001233822527621522], "l2": [0.001, 0.01, 0.1, 1.0, 10.0, 100.0, 1000.0, 10000.0, 100000.0, 1000000.0, 10000000.0, 100000000.0], "rmse_ncomp": [0.11882587421603792, 0.035354481966745815, 0.007867144463716716, 3.2243700631127025e-10], "n_comp": [1, 2, 3, 4], "data_set_name": "synthetic", "fluorophore_name": "first"}