{"rmse_l2": [0.06273487637283288, 0.06273503433991817, 0.06273507329680325, 0.06273507079893091, 0.06273507632865143, 0.0627351281590847, 0.06273564677325841, 0.06274089834500134, 0.06280014606841136, 0.06432371974345255, 2.71074116713734, 2.429807005778722], "l2": [0.001, 0.01, 0.1, 1.0, 10.0, 100.0, 1000.0, 10000.0, 100000.0, 1000000.0, 10000000.0, 100000000.0], "rmse_ncomp": [0.31221429733050465, 0.10264579093046333, 0.093276721019209, 0.07396257968277363, 0.06273487637283288], "n_comp": [1, 2, 3, 4, 5], "data_set_name": "asmund", "fluorophore_name": "hydroquinone"}