{"rmse_l2": [5.540601032734261e-07, 6.666449121983286e-08, 5.280592755739918e-09, 7.158342798319399e-10, 5.125035679355298e-11, 2.5000057451846897e-11, 2.1688121530895254e-10, 2.168557122741837e-09, 2.168483270733327e-08, 2.167594517330343e-07, 2.1588681778515403e-06, 2.0868883061934984e-05], "l2": [0.001, 0.01, 0.1, 1.0, 10.0, 100.0, 1000.0, 10000.0, 100000.0, 1000000.0, 10000000.0, 100000000.0], "rmse_ncomp": [0.03397743075204201, 0.005257745389002864, 0.0008587439902819804, 7.158342798319399e-10], "n_comp": [1, 2, 3, 4], "data_set_name": "synthetic", "fluorophore_name": "third"}