{"rmse_l2": [0.07888382388722212, 0.07890755198602473, 0.07891272437095283, 0.07891263443732495, 0.07891256363457817, 0.07891187424026937, 0.0789051978076796, 0.07886082822999332, 0.08057682651096466, 0.33716033568458253, 1.1927344311904082, 9.76559439543258], "l2": [0.001, 0.01, 0.1, 1.0, 10.0, 100.0, 1000.0, 10000.0, 100000.0, 1000000.0, 10000000.0, 100000000.0], "rmse_ncomp": [0.19661389740154508, 0.1824921418991975, 0.17684581218690723, 0.16277005562963676, 0.12003890864236876, 0.07888382388722212], "n_comp": [1, 2, 3, 4, 5, 6], "data_set_name": "asmund", "fluorophore_name": "resorcinol"}