{"rmse_l2": [0.07796353257832517, 0.07797634813421594, 0.07811783191737302, 0.08154561364376127, 0.1350872377845281, 1.7122469627833954, 135.2944121782013, 0.4905517425674936, 0.28414386051524176, 0.2714146193975589, 0.2701975695928748, 0.27007640643314396], "l2": [0.001, 0.01, 0.1, 1.0, 10.0, 100.0, 1000.0, 10000.0, 100000.0, 1000000.0, 10000000.0, 100000000.0], "rmse_ncomp": [0.1328234309066025, 0.11841805588961445, 0.09542818396673416, 0.07796353257832517], "n_comp": [1, 2, 3, 4], "data_set_name": "marat", "fluorophore_name": "tryptophane"}