{"rmse_l2": [1.4258403472621066e-05, 1.0393422353837239e-06, 1.3134083943725864e-07, 1.4196369610773737e-08, 1.2060594469283739e-09, 5.303362231017718e-10, 4.933796455519423e-09, 4.934420177547196e-08, 4.934452914195783e-07, 4.935099821947394e-06, 4.941650578962735e-05, 0.00050152813557096], "l2": [0.001, 0.01, 0.1, 1.0, 10.0, 100.0, 1000.0, 10000.0, 100000.0, 1000000.0, 10000000.0, 100000000.0], "rmse_ncomp": [0.1353362989503798, 0.04130922777634546, 0.020109766625663297, 1.2060594469283739e-09], "n_comp": [1, 2, 3, 4], "data_set_name": "synthetic", "fluorophore_name": "second"}