{"rmse_l2": [0.07401864779056205, 0.07403656379980687, 0.07403706206510753, 0.07403697963815567, 0.07403628239615902, 0.07402923908294919, 0.07395847588292222, 0.07321323991205074, 0.27122643735443214, 0.341388004828289, 148.12326536433514, 96.21485027741393], "l2": [0.001, 0.01, 0.1, 1.0, 10.0, 100.0, 1000.0, 10000.0, 100000.0, 1000000.0, 10000000.0, 100000000.0], "rmse_ncomp": [0.21736378390248615, 0.10617021356020298, 0.0940268902864381, 0.09426696736688721, 0.07401864779056205], "n_comp": [1, 2, 3, 4, 5], "data_set_name": "dorrit", "fluorophore_name": "hydroquinone"}