{"rmse_l2": [0.09839116308107713, 0.09839248958150905, 0.09839226652233658, 0.09839219625566563, 0.09839214593784486, 0.09839162123495253, 0.09838637687172205, 0.0983340118117682, 0.09781893075169003, 0.09521215044034713, 6.095896798476573, 17.952784833032872], "l2": [0.001, 0.01, 0.1, 1.0, 10.0, 100.0, 1000.0, 10000.0, 100000.0, 1000000.0, 10000000.0, 100000000.0], "rmse_ncomp": [0.2853498841198899, 0.2381476936544455, 0.1446270523492803, 0.09839116308107713], "n_comp": [1, 2, 3, 4], "data_set_name": "dorrit", "fluorophore_name": "phenylalanine"}