{"rmse_l2": [0.04883710999077898, 0.048789310443437324, 0.04878602133710626, 0.04878585855832033, 0.04878614509015729, 0.048788720342615506, 0.04881463462253074, 0.0490852129120846, 0.8104422240631246, 0.10483076748992848, 164.1776367665915, 2118.9698538311395], "l2": [0.001, 0.01, 0.1, 1.0, 10.0, 100.0, 1000.0, 10000.0, 100000.0, 1000000.0, 10000000.0, 100000000.0], "rmse_ncomp": [0.3209552449117502, 0.2815118168396544, 0.16452845438691793, 0.13223428885409386, 0.08964004110733828, 0.049395950017062505, 0.04878585855832033], "n_comp": [1, 2, 3, 4, 5, 6, 7], "data_set_name": "asmund", "fluorophore_name": "tyrosine"}