{"rmse_l2": [0.04104003083598696, 0.041039433030308284, 0.04103949268246785, 0.041039486155386024, 0.04103948094277498, 0.041039428199495374, 0.04103890191053336, 0.041033691951472266, 0.040987010317857446, 0.04117846616932312, 66.03398681772507, 74.17047097984623], "l2": [0.001, 0.01, 0.1, 1.0, 10.0, 100.0, 1000.0, 10000.0, 100000.0, 1000000.0, 10000000.0, 100000000.0], "rmse_ncomp": [0.1560305578632148, 0.17092784255530333, 0.055066490658666235, 0.04117846616932312], "n_comp": [1, 2, 3, 4], "data_set_name": "dorrit", "fluorophore_name": "DOPA"}